{
    "123": "abc",
    "global": {
        "barbecue ribs": 8,
        "sushi": 5,
        "hamburger": 4,
        "pulled pork": 4,
        "grilled salmon": 4,
        "calamari": 3,
        "steak": 3,
        "waffles": 2,
        "dumplings": 2,
        "tandoori chicken": 1,
        "tacos": 1,
        "chicken": 1
    },
    "global_pct": {
        "barbecue ribs": 21.052631578947366,
        "sushi": 13.157894736842104,
        "hamburger": 10.526315789473683,
        "pulled pork": 10.526315789473683,
        "grilled salmon": 10.526315789473683,
        "calamari": 7.894736842105263,
        "steak": 7.894736842105263,
        "waffles": 5.263157894736842,
        "dumplings": 5.263157894736842,
        "tandoori chicken": 2.631578947368421,
        "tacos": 2.631578947368421,
        "chicken": 2.631578947368421
    },
    "clicks": {
        "barbecue ribs": 7,
        "grilled salmon": 4,
        "pulled pork": 3,
        "sushi": 2,
        "tandoori chicken": 1,
        "waffles": 1,
        "calamari": 1,
        "hamburger": 1,
        "tacos": 1,
        "chicken": 1,
        "dumplings": 1,
        "steak": 1
    },
    "impressions": {
        "barbecue ribs": 7,
        "pulled pork": 4,
        "soup": 4,
        "waffles": 4,
        "grilled salmon": 4,
        "tandoori chicken": 3,
        "calamari": 3,
        "sushi": 3,
        "chicken": 3,
        "dumplings": 3,
        "tacos": 2,
        "rice": 2,
        "steak": 2,
        "hamburger": 2,
        "spaghetti": 1,
        "pizza": 1
    },
    "cpi": {
        "barbecue ribs": 100.0,
        "grilled salmon": 100.0,
        "pulled pork": 75.0,
        "sushi": 66.66666666666666,
        "tacos": 50.0,
        "steak": 50.0,
        "hamburger": 50.0,
        "tandoori chicken": 33.33333333333333,
        "calamari": 33.33333333333333,
        "chicken": 33.33333333333333,
        "dumplings": 33.33333333333333,
        "waffles": 25.0
    }
}