{
    "bob": "123",
    "clicks": {
        "steak": 20,
        "grilled salmon": 15,
        "hamburger": 15,
        "calamari": 13,
        "barbecue ribs": 13,
        "tandoori chicken": 9,
        "tacos": 8,
        "spaghetti": 7,
        "soup": 6,
        "sushi": 6,
        "noodles": 4,
        "pizza": 4,
        "chicken": 2,
        "rice": 2,
        "waffles": 1,
        "pulled pork": 1
    },
    "impressions": {
        "steak": 28,
        "grilled salmon": 28,
        "calamari": 24,
        "hamburger": 23,
        "barbecue ribs": 22,
        "tandoori chicken": 18,
        "tacos": 17,
        "spaghetti": 17,
        "soup": 16,
        "sushi": 13,
        "noodles": 11,
        "pizza": 10,
        "chicken": 8,
        "rice": 6,
        "dumplings": 4,
        "pulled pork": 4,
        "waffles": 3
    },
    "cpi": {
        "steak": 71.42857142857143,
        "hamburger": 65.21739130434783,
        "barbecue ribs": 59.09090909090909,
        "calamari": 54.166666666666664,
        "grilled salmon": 53.57142857142857,
        "tandoori chicken": 50.0,
        "tacos": 47.05882352941176,
        "sushi": 46.15384615384615,
        "spaghetti": 41.17647058823529,
        "pizza": 40.0,
        "soup": 37.5,
        "noodles": 36.36363636363637,
        "rice": 33.33333333333333,
        "waffles": 33.33333333333333,
        "chicken": 25.0,
        "pulled pork": 25.0
    }
}