{
    "bob": "123",
    "clicks": {
        "steak": 35,
        "barbecue ribs": 23,
        "grilled salmon": 18,
        "calamari": 16,
        "hamburger": 16,
        "tandoori chicken": 11,
        "tacos": 10,
        "sushi": 8,
        "spaghetti": 7,
        "soup": 6,
        "noodles": 4,
        "pizza": 4,
        "chicken": 2,
        "rice": 2,
        "dumplings": 2,
        "waffles": 1,
        "pulled pork": 1
    },
    "impressions": {
        "steak": 47,
        "barbecue ribs": 37,
        "grilled salmon": 33,
        "calamari": 29,
        "hamburger": 27,
        "tandoori chicken": 24,
        "tacos": 21,
        "soup": 19,
        "spaghetti": 18,
        "sushi": 17,
        "pizza": 16,
        "noodles": 13,
        "chicken": 8,
        "rice": 7,
        "dumplings": 6,
        "pulled pork": 6,
        "waffles": 4
    },
    "cpi": {
        "steak": 74.46808510638297,
        "barbecue ribs": 62.16216216216216,
        "hamburger": 59.25925925925925,
        "calamari": 55.172413793103445,
        "grilled salmon": 54.54545454545454,
        "tacos": 47.61904761904761,
        "sushi": 47.05882352941176,
        "tandoori chicken": 45.83333333333333,
        "spaghetti": 38.88888888888889,
        "dumplings": 33.33333333333333,
        "soup": 31.57894736842105,
        "noodles": 30.76923076923077,
        "rice": 28.57142857142857,
        "pizza": 25.0,
        "chicken": 25.0,
        "waffles": 25.0,
        "pulled pork": 16.666666666666664
    }
}