{
    "bob": "123",
    "clicks": {
        "steak": 37,
        "barbecue ribs": 23,
        "grilled salmon": 23,
        "hamburger": 20,
        "calamari": 16,
        "tandoori chicken": 13,
        "tacos": 10,
        "sushi": 10,
        "spaghetti": 7,
        "soup": 6,
        "noodles": 4,
        "pizza": 4,
        "chicken": 2,
        "rice": 2,
        "dumplings": 2,
        "waffles": 1,
        "pulled pork": 1
    },
    "impressions": {
        "steak": 51,
        "grilled salmon": 39,
        "barbecue ribs": 38,
        "hamburger": 31,
        "calamari": 30,
        "tandoori chicken": 27,
        "tacos": 22,
        "soup": 21,
        "spaghetti": 19,
        "sushi": 19,
        "pizza": 16,
        "noodles": 13,
        "chicken": 9,
        "rice": 8,
        "dumplings": 8,
        "pulled pork": 6,
        "waffles": 5
    },
    "cpi": {
        "steak": 72.54901960784314,
        "hamburger": 64.51612903225806,
        "barbecue ribs": 60.526315789473685,
        "grilled salmon": 58.97435897435898,
        "calamari": 53.333333333333336,
        "sushi": 52.63157894736842,
        "tandoori chicken": 48.148148148148145,
        "tacos": 45.45454545454545,
        "spaghetti": 36.84210526315789,
        "noodles": 30.76923076923077,
        "soup": 28.57142857142857,
        "pizza": 25.0,
        "rice": 25.0,
        "dumplings": 25.0,
        "chicken": 22.22222222222222,
        "waffles": 20.0,
        "pulled pork": 16.666666666666664
    }
}