{
    "bob": "123",
    "clicks": {
        "steak": 42,
        "barbecue ribs": 27,
        "grilled salmon": 26,
        "hamburger": 20,
        "calamari": 16,
        "tandoori chicken": 13,
        "sushi": 12,
        "tacos": 10,
        "spaghetti": 7,
        "soup": 6,
        "noodles": 5,
        "pizza": 4,
        "chicken": 2,
        "rice": 2,
        "dumplings": 2,
        "waffles": 1,
        "pulled pork": 1
    },
    "impressions": {
        "steak": 57,
        "barbecue ribs": 44,
        "grilled salmon": 43,
        "hamburger": 33,
        "calamari": 31,
        "tandoori chicken": 27,
        "tacos": 23,
        "sushi": 22,
        "soup": 21,
        "spaghetti": 20,
        "pizza": 17,
        "noodles": 14,
        "chicken": 10,
        "dumplings": 9,
        "rice": 8,
        "waffles": 7,
        "pulled pork": 6
    },
    "cpi": {
        "steak": 73.68421052631578,
        "barbecue ribs": 61.36363636363637,
        "hamburger": 60.60606060606061,
        "grilled salmon": 60.46511627906976,
        "sushi": 54.54545454545454,
        "calamari": 51.61290322580645,
        "tandoori chicken": 48.148148148148145,
        "tacos": 43.47826086956522,
        "noodles": 35.714285714285715,
        "spaghetti": 35.0,
        "soup": 28.57142857142857,
        "rice": 25.0,
        "pizza": 23.52941176470588,
        "dumplings": 22.22222222222222,
        "chicken": 20.0,
        "pulled pork": 16.666666666666664,
        "waffles": 14.285714285714285
    }
}