{
    "bob": "123",
    "cpi": {
        "spaghetti": 100.0,
        "barbecue ribs": 66.66666666666666,
        "waffles": 66.66666666666666,
        "tacos": 50.0,
        "grilled salmon": 50.0,
        "hamburger": 50.0,
        "rice": 50.0,
        "chicken": 50.0,
        "pizza": 33.33333333333333,
        "sushi": 0.0,
        "pulled pork": 0.0,
        "dumplings": 0.0
    },
    "clicks": {
        "waffles": 2,
        "barbecue ribs": 2,
        "spaghetti": 2,
        "tacos": 1,
        "grilled salmon": 1,
        "pizza": 1,
        "hamburger": 1,
        "rice": 1,
        "chicken": 1
    },
    "impressions": {
        "pizza": 3,
        "barbecue ribs": 3,
        "waffles": 3,
        "tacos": 2,
        "grilled salmon": 2,
        "spaghetti": 2,
        "hamburger": 2,
        "rice": 2,
        "chicken": 2,
        "sushi": 1,
        "pulled pork": 1,
        "dumplings": 1
    },
    "global_pct": {
        "spaghetti": 30.76923076923077,
        "barbecue ribs": 15.384615384615385,
        "pizza": 11.538461538461538,
        "chicken": 11.538461538461538,
        "grilled salmon": 7.6923076923076925,
        "waffles": 7.6923076923076925,
        "rice": 7.6923076923076925,
        "tacos": 3.8461538461538463,
        "hamburger": 3.8461538461538463
    },
    "global": {
        "spaghetti": 8,
        "barbecue ribs": 4,
        "pizza": 3,
        "chicken": 3,
        "grilled salmon": 2,
        "waffles": 2,
        "rice": 2,
        "tacos": 1,
        "hamburger": 1
    }
}